Home Depot,Large,Large Nutmeg Steel Pet Bed,$27.70,https://www.homedepot.com/p/Coolaroo-Large-Nutmeg-Steel-Pet-Bed-458959/206121542
Home Depot,Medium,Medium Nutmeg Steel Pet Bed,$28.43,https://www.homedepot.com/p/Coolaroo-Medium-Nutmeg-Steel-Pet-Bed-458942/205689391
Home Depot,Large,Large Size Steel Pet Bed Terracotta,$27.88,https://www.homedepot.com/p/Coolaroo-Large-Size-Steel-Pet-Bed-Terracotta-434410/202623038
Home Depot,Medium,Medium Grey Steel Pet Bed,$20.52,https://www.homedepot.com/p/Coolaroo-Medium-Grey-Steel-Pet-Bed-436049/205689390
Home Depot,Medium,Medium Size Steel Pet Bed Brunswick Green,$22.05,https://www.homedepot.com/p/Coolaroo-Medium-Size-Steel-Pet-Bed-Brunswick-Green-317270/202623031
Home Depot,Large,Large Size Steel Pet Bed Brunswick Green,$28.16,https://www.homedepot.com/p/Coolaroo-Large-Size-Steel-Pet-Bed-Brunswick-Green-317287/202623033
Petco,X-Large,X-Large-coolaroo-green-elevated-dog-bed,$42.49,https://www.petco.com/shop/en/petcostore/product/coolaroo-green-elevated-dog-bed
Petco,Medium,Medium-coolaroo-navy-blue-elevated-dog-bed,$29.99,https://www.petco.com/shop/en/petcostore/product/coolaroo-navy-blue-elevated-dog-bed
Petco,Large,Large-coolaroo-navy-blue-elevated-dog-bed,$39.99,https://www.petco.com/shop/en/petcostore/product/coolaroo-navy-blue-elevated-dog-bed
Petco,Large,Large-coolaroo-green-elevated-pet-bed,$28.16,https://www.petco.com/shop/en/petcostore/product/coolaroo-green-elevated-pet-bed
Petco,Small,Small-coolaroo-grey-elevated-dog-bed,$24.85,https://www.petco.com/shop/en/petcostore/product/coolaroo-grey-elevated-dog-bed
Petco,Medium,Medium-coolaroo-grey-elevated-dog-bed,$18.70,https://www.petco.com/shop/en/petcostore/product/coolaroo-grey-elevated-dog-bed
Petco,Large,Large-coolaroo-grey-elevated-dog-bed,$32.92,https://www.petco.com/shop/en/petcostore/product/coolaroo-grey-elevated-dog-bed
Petco,X-Large,X-Large-coolaroo-grey-elevated-dog-bed,$45.56,https://www.petco.com/shop/en/petcostore/product/coolaroo-grey-elevated-dog-bed
Petco,Small,Small-coolaroo-terracotta-elevated-dog-bed,$24.95,https://www.petco.com/shop/en/petcostore/product/coolaroo-terracotta-elevated-dog-bed
Petco,Medium,Medium-coolaroo-terracotta-elevated-dog-bed,$23.96,https://www.petco.com/shop/en/petcostore/product/coolaroo-terracotta-elevated-dog-bed
Petco,Large,Large-coolaroo-terracotta-elevated-dog-bed,$25.29,https://www.petco.com/shop/en/petcostore/product/coolaroo-terracotta-elevated-dog-bed
Petco,X-Large,X-Large-coolaroo-terracotta-elevated-dog-bed,$42.49,https://www.petco.com/shop/en/petcostore/product/coolaroo-terracotta-elevated-dog-bed
Petco,Small,Small-coolaroo-nutmeg-elevated-dog-bed,$18.00,https://www.petco.com/shop/en/petcostore/product/coolaroo-nutmeg-elevated-dog-bed
Petco,Medium,Medium-coolaroo-nutmeg-elevated-dog-bed,$21.73,https://www.petco.com/shop/en/petcostore/product/coolaroo-nutmeg-elevated-dog-bed
Petco,Large,Large-coolaroo-nutmeg-elevated-dog-bed,$27.70,https://www.petco.com/shop/en/petcostore/product/coolaroo-nutmeg-elevated-dog-bed
Walmart,Small,Small Terracotta Elevated Pet Bed,$24.95,https://www.walmart.com/ip/The-Original-Coolaroo-Elevated-Pet-Bed-Small-Terracotta/49133527?selected=true
Walmart,Small,Small Green Elevated Pet Bed,$21.10,https://www.walmart.com/ip/The-Original-Coolaroo-Elevated-Pet-Dog-Bed-for-Indoors-Outdoors-Small-Green/20533608?selected=true
Walmart,Small,Small Gray Elevated Pet Bed,$24.85,https://www.walmart.com/ip/The-Original-Coolaroo-Elevated-Pet-Dog-Bed-for-Indoors-Outdoors-Small-Gray/47711942?selected=true
Walmart,Small,Small Nutmeg Elevated Pet Bed,$39.00,https://www.walmart.com/ip/The-Original-Coolaroo-Elevated-Pet-Dog-Bed-for-Indoors-Outdoors-Small-Nutmeg/228238474?selected=true
Walmart,Medium,Medium Terracotta Elevated Pet Bed,$29.95,https://www.walmart.com/ip/The-Original-Coolaroo-Elevated-Pet-Dog-Bed-for-Indoors-Outdoors-Medium-Terracotta/14145973?selected=true
Walmart,Medium,Medium Green Elevated Pet Bed,$22.05,https://www.walmart.com/ip/The-Original-Coolaroo-Elevated-Pet-Dog-Bed-for-Indoors-Outdoors-Medium-Brunswick-Green/14145972?selected=true
Walmart,Medium,Medium Gray Elevated Pet Bed,$18.70,https://www.walmart.com/ip/The-Original-Coolaroo-Elevated-Pet-Bed-for-Indoors-Outdoors-Medium-Gray/14145974?selected=true
Walmart,Medium,Medium Nutmeg Elevated Pet Bed,$29.95,https://www.walmart.com/ip/The-Original-Coolaroo-Elevated-Pet-Bed-Medium-Nutmeg/703714307?selected=true
Walmart,Large,Large Terracotta Elevated Pet Bed,$37.99,https://www.walmart.com/ip/The-Original-Coolaroo-Elevated-Pet-Dog-Bed-for-Indoors-Outdoors-Large-Terracotta/14145976?selected=true
Walmart,Large,Large Green Elevated Pet Bed,$28.16,https://www.walmart.com/ip/The-Original-Coolaroo-Elevated-Pet-Bed-for-Indoors-Outdoors-Large-Brunswick-Green/14145975?selected=true
Walmart,Large,Large Gray Elevated Pet Bed,$32.92,https://www.walmart.com/ip/The-Original-Coolaroo-Elevated-Pet-Dog-Bed-for-Indoors-Outdoors-Large-Gray/14145977?selected=true
Walmart,Large,Large Nutmeg Elevated Pet Bed,$29.95,https://www.walmart.com/ip/The-Original-Coolaroo-Elevated-Pet-Bed-Large-Nutmeg/164533005?selected=true
Walmart,X-Large,X-Large Terracotta Elevated Pet Bed,$72.92,https://www.walmart.com/ip/The-Original-Coolaroo-Elevated-Pet-Dog-Bed-for-Indoors-Outdoors-XL-Terracotta/165908825?selected=true
Walmart,X-Large,X-Large Green Elevated Pet Bed,$85.09,https://www.walmart.com/ip/The-Original-Coolaroo-Elevated-Pet-Dog-Bed-for-Indoors-Outdoors-XL-Green/42208853?selected=true
Walmart,X-Large,X-Large Gray Elevated Pet Bed,$78.79,https://www.walmart.com/ip/The-Original-Coolaroo-Elevated-Pet-Dog-Bed-for-Indoors-Outdoors-XL-Gray/103444041?selected=true
Walmart,X-Large,X-Large Nutmeg Elevated Pet Bed,$24.95,https://www.walmart.com/ip/The-Original-Coolaroo-Elevated-Pet-Bed-Small-Terracotta/49133527?selected=true
Chewy,Large,Large Brunswick Green Elevated Pet Bed,$28.16,https://www.chewy.com/proxy/api/sfs/v1/comparison?template=product-compare&part_number=68873&max_records=3
Chewy,Large,Large Terracotta Elevated Pet Bed,$25.29,https://www.chewy.com/proxy/api/sfs/v1/comparison?template=product-compare&part_number=68876&max_records=3
Chewy,Large,Large Gray Elevated Pet Bed,$32.92,https://www.chewy.com/proxy/api/sfs/v1/comparison?template=product-compare&part_number=68879&maxRecords=3
Chewy,Large,Large Nutmeg Elevated Pet Bed,$27.70,https://www.chewy.com/proxy/api/sfs/v1/comparison?template=product-compare&part_number=68882&maxRecords=3
Chewy,Large,Large Navy Blue Elevated Pet Bed,$39.99,https://www.chewy.com/proxy/api/sfs/v1/comparison?template=product-compare&part_number=217250&maxRecords=3
Chewy,Large,Large Turquoise Elevated Pet Bed,$35.24,https://www.chewy.com/proxy/api/sfs/v1/comparison?template=product-compare&part_number=217252&maxRecords=3
Chewy,Medium,Medium Turquoise Elevated Pet Bed,$29.99,https://www.chewy.com/proxy/api/sfs/v1/comparison?template=product-compare&part_number=217251&maxRecords=3
Chewy,Medium,Medium Brunswick Green Elevated Pet Bed,$22.05,https://www.chewy.com/proxy/api/sfs/v1/comparison?template=product-compare&part_number=68872&maxRecords=3
Chewy,Medium,Medium Terracotta Elevated Pet Bed,$23.96,https://www.chewy.com/proxy/api/sfs/v1/comparison?template=product-compare&part_number=68875&maxRecords=3
Chewy,Medium,Medium Gray Elevated Pet Bed,$18.70,https://www.chewy.com/proxy/api/sfs/v1/comparison?template=product-compare&part_number=68878&max_records=3
Chewy,Medium,Medium Nutmeg Elevated Pet Bed,$21.73,https://www.chewy.com/proxy/api/sfs/v1/comparison?template=product-compare&part_number=68881&maxRecords=3
Chewy,Medium,Medium Navy Blue Elevated Pet Bed,$29.99,https://www.chewy.com/proxy/api/sfs/v1/comparison?template=product-compare&part_number=217249&maxRecords=3
Chewy,Small,Small Brunswick Green Elevated Pet Bed,$21.10,https://www.chewy.com/proxy/api/sfs/v1/comparison?template=product-compare&part_number=68922&maxRecords=3
Chewy,Small,Small Terracotta Elevated Pet Bed,$24.95,https://www.chewy.com/proxy/api/sfs/v1/comparison?template=product-compare&part_number=68923&maxRecords=3
Chewy,Small,Small Gray Elevated Pet Bed,$24.85,https://www.chewy.com/proxy/api/sfs/v1/comparison?template=product-compare&part_number=68925&maxRecords=3
Chewy,Small,Small Nutmeg Elevated Pet Bed,$18.00,https://www.chewy.com/proxy/api/sfs/v1/comparison?template=product-compare&part_number=68924&maxRecords=3
